{
  "cutoff": 2024,
  "folds": 4,
  "panel": [
    "hr",
    "hit",
    "tb2",
    "bk",
    "hrr2",
    "sb",
    "triple",
    "k",
    "xtb",
    "total",
    "winner"
  ],
  "profiles": {
    "default": {},
    "depth6": {
      "depth": 6
    },
    "depth10": {
      "depth": 10
    },
    "lr_slow": {
      "learning_rate": 0.02
    },
    "lr_fast": {
      "learning_rate": 0.05
    },
    "l2_up": {
      "l2_leaf_reg": 9.0
    },
    "l2_dn": {
      "l2_leaf_reg": 1.0
    },
    "deep_reg": {
      "depth": 10,
      "l2_leaf_reg": 9.0
    },
    "shallow_fast": {
      "depth": 6,
      "learning_rate": 0.05
    },
    "bayes_hot": {
      "bagging_temperature": 2.0
    },
    "bayes_cold": {
      "bagging_temperature": 0.25
    }
  },
  "results": {
    "hit": {
      "kind": "binary",
      "n_rows": 120000,
      "recommended": "default",
      "profiles": {
        "default": {
          "logloss": 0.6458147197698753,
          "auc": 0.6019925718645066,
          "ece": 0.0034377776058383104
        },
        "depth6": {
          "logloss": 0.645604266319145,
          "auc": 0.6024500510598337,
          "ece": 0.003125722450705933
        },
        "depth10": {
          "logloss": 0.6463897814546059,
          "auc": 0.6016633695195376,
          "ece": 0.003651706866083317
        },
        "lr_slow": {
          "logloss": 0.6463047403214742,
          "auc": 0.602071469785142,
          "ece": 0.0033844813923023134
        },
        "lr_fast": {
          "logloss": 0.6456846762670299,
          "auc": 0.6021039187290854,
          "ece": 0.0029812714917798523
        },
        "l2_up": {
          "logloss": 0.6457376671158124,
          "auc": 0.6019119483120727,
          "ece": 0.003251385386251379
        },
        "l2_dn": {
          "logloss": 0.6457252873751951,
          "auc": 0.6021063541993995,
          "ece": 0.0033675541518162757
        },
        "deep_reg": {
          "logloss": 0.645759342123166,
          "auc": 0.6020204914464549,
          "ece": 0.003462927563466139
        },
        "shallow_fast": {
          "logloss": 0.6455363136211694,
          "auc": 0.6024615493589456,
          "ece": 0.0033833224063341038
        },
        "bayes_hot": {
          "logloss": 0.6457511893209903,
          "auc": 0.6023935340162807,
          "ece": 0.003676587900276796
        },
        "bayes_cold": {
          "logloss": 0.6457103551007757,
          "auc": 0.6019219461574034,
          "ece": 0.003039088394062037
        }
      }
    },
    "tb2": {
      "kind": "binary",
      "n_rows": 120000,
      "recommended": "default",
      "profiles": {
        "default": {
          "logloss": 0.6391109534446506,
          "auc": 0.59682300742459,
          "ece": 0.004887324111592063
        },
        "depth6": {
          "logloss": 0.6395489194336774,
          "auc": 0.5968924643753166,
          "ece": 0.005061259222420145
        },
        "depth10": {
          "logloss": 0.6392050417842057,
          "auc": 0.5968304323478351,
          "ece": 0.004788543446516028
        },
        "lr_slow": {
          "logloss": 0.6394332739151257,
          "auc": 0.5969050851282464,
          "ece": 0.005127507746479808
        },
        "lr_fast": {
          "logloss": 0.6397769740242106,
          "auc": 0.5968345736540084,
          "ece": 0.005605248086520705
        },
        "l2_up": {
          "logloss": 0.6390772455124965,
          "auc": 0.5965178964265845,
          "ece": 0.005896984479961619
        },
        "l2_dn": {
          "logloss": 0.6392462619491,
          "auc": 0.5970456720473414,
          "ece": 0.005455037606731797
        },
        "deep_reg": {
          "logloss": 0.6395767209634333,
          "auc": 0.5968727492013297,
          "ece": 0.0057137959857949516
        },
        "shallow_fast": {
          "logloss": 0.6392151938508595,
          "auc": 0.5965372469704401,
          "ece": 0.006174951532832715
        },
        "bayes_hot": {
          "logloss": 0.639468089558018,
          "auc": 0.5969348984313534,
          "ece": 0.006245525649287055
        },
        "bayes_cold": {
          "logloss": 0.6389980028458071,
          "auc": 0.5970490590960307,
          "ece": 0.005376804914443858
        }
      }
    },
    "hr": {
      "kind": "binary",
      "n_rows": 120000,
      "recommended": "default",
      "profiles": {
        "default": {
          "logloss": 0.349898827464527,
          "auc": 0.6424925845859608,
          "ece": 0.0020582842151810293
        },
        "depth6": {
          "logloss": 0.3496412778479002,
          "auc": 0.6431917885927453,
          "ece": 0.001998818457263411
        },
        "depth10": {
          "logloss": 0.34975404384642456,
          "auc": 0.6421328730103911,
          "ece": 0.0018760276945782735
        },
        "lr_slow": {
          "logloss": 0.3499453541869246,
          "auc": 0.6426816174805188,
          "ece": 0.0026118869848150237
        },
        "lr_fast": {
          "logloss": 0.3497643248227061,
          "auc": 0.6424495764739466,
          "ece": 0.0026966293901076457
        },
        "l2_up": {
          "logloss": 0.34988277052594613,
          "auc": 0.6419532091174177,
          "ece": 0.002294126238150008
        },
        "l2_dn": {
          "logloss": 0.3499846193141113,
          "auc": 0.6428372266669895,
          "ece": 0.0029427566504491303
        },
        "deep_reg": {
          "logloss": 0.3499019297878203,
          "auc": 0.6424164395243961,
          "ece": 0.0022356888153562096
        },
        "shallow_fast": {
          "logloss": 0.349935871590937,
          "auc": 0.6429135061049382,
          "ece": 0.002335096013017912
        },
        "bayes_hot": {
          "logloss": 0.3496981579862219,
          "auc": 0.6423636009296174,
          "ece": 0.002658047800685516
        },
        "bayes_cold": {
          "logloss": 0.3497573299925172,
          "auc": 0.6426514731563943,
          "ece": 0.0022617933455671615
        }
      }
    },
    "sb": {
      "kind": "binary",
      "n_rows": 120000,
      "recommended": "default",
      "profiles": {
        "default": {
          "logloss": 0.18589442332681175,
          "auc": 0.7628652627185273,
          "ece": 0.0019458520759156456
        },
        "depth6": {
          "logloss": 0.1858251189571965,
          "auc": 0.7628705202103055,
          "ece": 0.002104732274443947
        },
        "depth10": {
          "logloss": 0.1858712315221822,
          "auc": 0.7629424072737537,
          "ece": 0.002028778267067638
        },
        "lr_slow": {
          "logloss": 0.18584399491830628,
          "auc": 0.7628126563187576,
          "ece": 0.0019579506808485875
        },
        "lr_fast": {
          "logloss": 0.1860045095963491,
          "auc": 0.7626568553885522,
          "ece": 0.002337558612265795
        },
        "l2_up": {
          "logloss": 0.18598301800026487,
          "auc": 0.7628311075005257,
          "ece": 0.0021519606739476113
        },
        "l2_dn": {
          "logloss": 0.18608711579287113,
          "auc": 0.7629233052361303,
          "ece": 0.002067289125528844
        },
        "deep_reg": {
          "logloss": 0.18593014344174072,
          "auc": 0.7626824023363654,
          "ece": 0.0023281673655631678
        },
        "shallow_fast": {
          "logloss": 0.1858961863404232,
          "auc": 0.7627562043258738,
          "ece": 0.0020160667682986495
        },
        "bayes_hot": {
          "logloss": 0.1858227589249037,
          "auc": 0.7637710863934414,
          "ece": 0.0019439121348927234
        },
        "bayes_cold": {
          "logloss": 0.18599080659930017,
          "auc": 0.7627858589885599,
          "ece": 0.0023922478769048475
        }
      }
    },
    "bk": {
      "kind": "binary",
      "n_rows": 120000,
      "recommended": "default",