{
  "cutoff": 2024,
  "test_year_untouched": 2025,
  "folds": 4,
  "max_rows": 120000,
  "seed": 0,
  "gates": {
    "EPS_LL": 0.0004,
    "AUC_BAND": 0.001,
    "ECE_BAND": 0.003,
    "EPS_DEV": 0.0015,
    "MAE_BAND": 0.005
  },
  "results": {
    "xhrr": {
      "kind": "count",
      "n_rows": 120000,
      "trials": 60,
      "current_config": {
        "n_estimators": 2000,
        "learning_rate": 0.03,
        "num_leaves": 63,
        "min_child_samples": 60,
        "subsample": 0.8,
        "subsample_freq": 1,
        "colsample_bytree": 0.8,
        "reg_lambda": 3.0,
        "objective": "poisson"
      },
      "current_oof": {
        "mae": 1.486101242415056,
        "deviance": 2.04326492368201
      },
      "best_params": {
        "learning_rate": 0.010011972795192661,
        "num_leaves": 19,
        "min_child_samples": 51,
        "colsample_bytree": 0.916208917988261,
        "reg_lambda": 3.611846763358577,
        "subsample": 0.7049512501642258,
        "max_bin": 127,
        "min_split_gain": 0.2355235346495641
      },
      "best_oof": {
        "mae": 1.4864778933250309,
        "deviance": 2.040953777967935
      },
      "recommended": true
    },
    "xtb": {
      "kind": "count",
      "n_rows": 120000,
      "trials": 60,
      "current_config": {
        "n_estimators": 2000,
        "learning_rate": 0.03,
        "num_leaves": 63,
        "min_child_samples": 60,
        "subsample": 0.8,
        "subsample_freq": 1,
        "colsample_bytree": 0.8,
        "reg_lambda": 3.0,
        "objective": "poisson"
      },
      "current_oof": {
        "mae": 1.341519405153974,
        "deviance": 2.105030699525467
      },
      "best_params": {
        "learning_rate": 0.010692456916268836,
        "num_leaves": 9,
        "min_child_samples": 176,
        "colsample_bytree": 0.5228496450072389,
        "reg_lambda": 1.103731951185838,
        "subsample": 0.7052248013243381,
        "max_bin": 511,
        "min_split_gain": 0.26833094146580916
      },
      "best_oof": {
        "mae": 1.3436235402375654,
        "deviance": 2.102912220475235
      },
      "recommended": true
    },
    "xbk": {
      "kind": "count",
      "n_rows": 120000,
      "trials": 60,
      "current_config": {
        "n_estimators": 2000,
        "learning_rate": 0.03,
        "num_leaves": 63,
        "min_child_samples": 60,
        "subsample": 0.8,
        "subsample_freq": 1,
        "colsample_bytree": 0.8,
        "reg_lambda": 3.0,
        "objective": "poisson"
      },
      "current_oof": {
        "mae": 0.6673171267754808,
        "deviance": 0.95577841921051
      },
      "best_params": {
        "learning_rate": 0.013134417891989212,
        "num_leaves": 15,
        "min_child_samples": 340,
        "colsample_bytree": 0.622667684377177,
        "reg_lambda": 17.357872119471654,
        "subsample": 0.7649297288617444,
        "max_bin": 511,
        "min_split_gain": 0.016009012652753576
      },
      "best_oof": {
        "mae": 0.6672261912275689,
        "deviance": 0.9547322915238933
      },
      "recommended": false
    },
    "outs": {
      "kind": "count",
      "n_rows": 45052,
      "trials": 60,
      "current_config": {
        "n_estimators": 2000,
        "learning_rate": 0.03,
        "num_leaves": 63,
        "min_child_samples": 60,
        "subsample": 0.8,
        "subsample_freq": 1,
        "colsample_bytree": 0.8,
        "reg_lambda": 3.0,
        "objective": "poisson"
      },
      "current_oof": {
        "mae": 2.9427833836909127,
        "deviance": 1.0882400124914542
      },
      "best_params": {
        "learning_rate": 0.019936849536100608,
        "num_leaves": 33,
        "min_child_samples": 24,
        "colsample_bytree": 0.5322641785198797,
        "reg_lambda": 3.119486926286563,
        "subsample": 0.8553474347283905,
        "max_bin": 127,
        "min_split_gain": 0.05407620105358256
      },
      "best_oof": {
        "mae": 2.9380319728695863,
        "deviance": 1.085128383387439
      },
      "recommended": true
    },
    "pbb": {
      "kind": "count",
      "n_rows": 45052,
      "trials": 60,
      "current_config": {
        "n_estimators": 2000,
        "learning_rate": 0.03,
        "num_leaves": 63,
        "min_child_samples": 60,
        "subsample": 0.8,
        "subsample_freq": 1,
        "colsample_bytree": 0.8,
        "reg_lambda": 3.0,
        "objective": "poisson"
      },
      "current_oof": {
        "mae": 1.003542461301799,
        "deviance": 1.0610665835670818
      },
      "best_params": {
        "learning_rate": 0.012428094362706258,
        "num_leaves": 11,
        "min_child_samples": 80,
        "colsample_bytree": 0.5830037064151046,
        "reg_lambda": 9.02630227588837,
        "subsample": 0.7220571450457695,
        "max_bin": 511,
        "min_split_gain": 0.24521889282694587
      },
      "best_oof": {
        "mae": 1.002534377363372,
        "deviance": 1.0586632853509848
      },
      "recommended": true
    },
    "pha": {
      "kind": "count",
      "n_rows": 45052,
      "trials": 60,
      "current_config": {
        "n_estimators": 2000,
        "learning_rate": 0.03,
        "num_leaves": 63,
        "min_child_samples": 60,
        "subsample": 0.8,
        "subsample_freq": 1,
        "colsample_bytree": 0.8,
        "reg_lambda": 3.0,
        "objective": "poisson"
      },
      "current_oof": {
        "mae": 1.6986276235328608,
        "deviance": 0.9410162166844593
      },
      "best_params": {
        "learning_rate": 0.010859137256413786,
        "num_leaves": 31,
        "min_child_samples": 26,
        "colsample_bytree": 0.6576858031380316,
        "reg_lambda": 4.224841507293064,
        "subsample": 0.6811354833481097,
        "max_bin": 127,
        "min_split_gain": 0.018185444982803972
      },
      "best_oof": {
        "mae": 1.6964032451183646,
        "deviance": 0.9386751754276997
      },
      "recommended": true
    },
    "per": {
      "kind": "count",
      "n_rows": 45052,
      "trials": 60,
      "current_config": {
        "n_estimators": 2000,
        "learning_rate": 0.03,
        "num_leaves": 63,
        "min_child_samples": 60,
        "subsample": 0.8,
        "subsample_freq": 1,
        "colsample_bytree": 0.8,
        "reg_lambda": 3.0,
        "objective": "poisson"
      },
      "current_oof": {
        "mae": 1.5643871629456951,
        "deviance": 1.6576759415393805
      },
      "best_params": {
        "learning_rate": 0.019329001499361304,
        "num_leaves": 8,
        "min_child_samples": 25,
        "colsample_bytree": 0.984140790945196,
        "reg_lambda": 9.98763058156031,
        "subsample": 0.6008065801810717,
        "max_bin": 127,
        "min_split_gain": 0.09042365691059093
      },
      "best_oof": {
        "mae": 1.563568644358176,
        "deviance": 1.6544100696565855
      },
      "recommended": true
    },
    "total": {
      "kind": "count",
      "n_rows": 45052,
      "trials": 60,
      "current_config": {
        "n_estimators": 2000,
        "learning_rate": 0.03,
        "num_leaves": 63,
        "min_child_samples": 60,
        "subsample": 0.8,
        "subsample_freq": 1,
        "colsample_bytree": 0.8,
        "reg_lambda": 3.0,
        "objective": "poisson"
      },
      "current_oof": {
        "mae": 2.445078055281595,
        "deviance": 2.226502075012542
      },
      "best_params": {
        "learning_rate": 0.014878753153914548,
        "num_leaves": 9,
        "min_child_samples": 348,
        "colsample_bytree": 0.6445199815303256,
        "reg_lambda": 1.0000800015403328,
        "subsample": 0.619088008707869,
        "max_bin": 127,
        "min_split_gain": 0.01217456227599871
      },
      "best_oof": {
        "mae": 2.4411186404450214,
        "deviance": 2.22001115273803
      },
      "recommended": true
    },
    "xh": {
      "kind": "count",
      "n_rows": 120000,
      "trials": 60,