{
 "xhrr": {
  "table": {
   "default": {
    "mae": 1.4895357197626802,
    "deviance": 2.0438064986376414,
    "mean_pred": 1.8265261619671964,
    "mean_actual": 1.83305
   },
   "hpo_best": {
    "mae": 1.4899941409824582,
    "deviance": 2.0424825635013852,
    "mean_pred": 1.833590155614119,
    "mean_actual": 1.83305
   }
  },
  "winner": "default"
 },
 "xtb": {
  "table": {
   "default": {
    "mae": 1.3453158487021817,
    "deviance": 2.10608093497935,
    "mean_pred": 1.4870329791487318,
    "mean_actual": 1.49545
   },
   "hpo_best": {
    "mae": 1.3470571520074575,
    "deviance": 2.1051045986905814,
    "mean_pred": 1.4977469695033432,
    "mean_actual": 1.49545
   }
  },
  "winner": "default"
 },
 "outs": {
  "table": {
   "default": {
    "mae": 2.9403212173442093,
    "deviance": 1.0865119041099707,
    "mean_pred": 15.984045548035192,
    "mean_actual": 15.997602770132291
   },
   "hpo_best": {
    "mae": 2.9381410467560904,
    "deviance": 1.0850068400567952,
    "mean_pred": 15.984590088069575,
    "mean_actual": 15.997602770132291
   }
  },
  "winner": "hpo_best"
 },
 "pbb": {
  "table": {
   "default": {
    "mae": 1.0030033790004607,
    "deviance": 1.0598223724266225,
    "mean_pred": 1.7455639283147197,
    "mean_actual": 1.7491565302317322
   },
   "hpo_best": {
    "mae": 1.0024951111282814,
    "deviance": 1.0584740688149226,
    "mean_pred": 1.7479678199154138,
    "mean_actual": 1.7491565302317322
   }
  },
  "winner": "default"
 },
 "pha": {
  "table": {
   "default": {
    "mae": 1.6976884164952313,
    "deviance": 0.9400259740421691,
    "mean_pred": 5.179808148633748,
    "mean_actual": 5.181612359051762
   },
   "hpo_best": {
    "mae": 1.6963714415638778,
    "deviance": 0.9387332037923237,
    "mean_pred": 5.181886928954038,
    "mean_actual": 5.181612359051762
   }
  },
  "winner": "default"
 },
 "per": {
  "table": {
   "default": {
    "mae": 1.564013704793413,
    "deviance": 1.656229012800122,
    "mean_pred": 2.542497421176362,
    "mean_actual": 2.5434386930657906
   },
   "hpo_best": {
    "mae": 1.5637222219524303,
    "deviance": 1.6545110840259356,
    "mean_pred": 2.54711601069822,
    "mean_actual": 2.5434386930657906
   }
  },
  "winner": "hpo_best"
 },
 "total": {
  "table": {
   "default": {
    "mae": 2.4418598051944067,
    "deviance": 2.2225287610806044,
    "mean_pred": 4.505338840704481,
    "mean_actual": 4.510321406374856
   },
   "hpo_best": {
    "mae": 2.441169211604292,
    "deviance": 2.221408595692756,
    "mean_pred": 4.506657113175754,
    "mean_actual": 4.510321406374856
   }
  },
  "winner": "default"
 },
 "xrbi": {
  "table": {
   "default": {
    "mae": 0.6198269168329505,
    "deviance": 1.721279779098294,
    "mean_pred": 0.44935877075470904,
    "mean_actual": 0.45639166666666664
   },
   "hpo_best": {
    "mae": 0.6222385026463072,
    "deviance": 1.7203171585343608,
    "mean_pred": 0.4566592009412052,
    "mean_actual": 0.45639166666666664
   }
  },
  "winner": "default"
 },
 "k": {
  "table": {
   "default": {
    "mae": 1.7787726722731845,
    "deviance": 1.1360579639391604,
    "mean_pred": 4.830604196031197,
    "mean_actual": 4.842781674509456
   },
   "hpo_best": {
    "mae": 1.777319364990974,
    "deviance": 1.1343449540426482,
    "mean_pred": 4.838970023515433,
    "mean_actual": 4.842781674509456
   }
  },
  "winner": "hpo_best"
 }
}