{
  "rbi": {
    "table": {
      "default": {
        "logloss": 0.5967741585190884,
        "auc": 0.5940413876913855,
        "ece": 0.004182567097299616
      },
      "reg_med": {
        "logloss": 0.5961861284913731,
        "auc": 0.5941826459244905,
        "ece": 0.00309180427133646
      },
      "hpo_best": {
        "logloss": 0.5964694247316904,
        "auc": 0.5940573339376205,
        "ece": 0.00455043873114883
      }
    },
    "winner": "reg_med"
  },
  "hit": {
    "table": {
      "default": {
        "logloss": 0.6455542291027666,
        "auc": 0.6025036444541678,
        "ece": 0.003082536300197324
      },
      "hpo_best": {
        "logloss": 0.6452377573141032,
        "auc": 0.6040065540829767,
        "ece": 0.004454527533032023
      }
    },
    "winner": "default"
  },
  "double": {
    "table": {
      "default": {
        "logloss": 0.44487344603371126,
        "auc": 0.5661948262881898,
        "ece": 0.004487607414065599
      },
      "hpo_best": {
        "logloss": 0.4445651315051152,
        "auc": 0.57035328757902,
        "ece": 0.0024349164559018944
      }
    },
    "winner": "default"
  },
  "hrr2": {
    "table": {
      "default": {
        "logloss": 0.6699590247771265,
        "auc": 0.6043990806395044,
        "ece": 0.0031427855782890073
      },
      "reg_med2": {
        "logloss": 0.6693196538662164,
        "auc": 0.6058637438624599,
        "ece": 0.004398967621030433
      },
      "hpo_best": {
        "logloss": 0.6698031206294233,
        "auc": 0.6060681676480162,
        "ece": 0.003948029854712448
      }
    },
    "winner": "reg_med2"
  },
  "hrr3": {
    "table": {
      "default": {
        "logloss": 0.593418185740927,
        "auc": 0.605513346438243,
        "ece": 0.004314715935427738
      },
      "reg_light": {
        "logloss": 0.5927027489550616,
        "auc": 0.6063384632176777,
        "ece": 0.003756614054422203
      },
      "hpo_best": {
        "logloss": 0.5919787853463788,
        "auc": 0.6081522757055917,
        "ece": 0.004056759964693956
      }
    },
    "winner": "hpo_best"
  },
  "hrr4": {
    "table": {
      "default": {
        "logloss": 0.4560982568258643,
        "auc": 0.6095755844331746,
        "ece": 0.002638192477839585
      },
      "reg_med": {
        "logloss": 0.4556954195113881,
        "auc": 0.6116547516233908,
        "ece": 0.00235455446688663
      },
      "hpo_best": {
        "logloss": 0.45543693975477606,
        "auc": 0.6136811947679989,
        "ece": 0.0022297875052864993
      }
    },
    "winner": "reg_med"
  },
  "run2": {
    "table": {
      "default": {
        "logloss": 0.27867708949093284,
        "auc": 0.6320938589566258,
        "ece": 0.0011556627970721635
      },
      "hpo_best": {
        "logloss": 0.27833856603253454,
        "auc": 0.6365190876131642,
        "ece": 0.0011762236414652348
      }
    },
    "winner": "default"
  }
}