{
 "exp": 0.0,
 "fit_year": 2025,
 "n_games": 2430,
 "ll_best": 0.6562855707914701,
 "ll_a0": 0.6562855707914701,
 "gain": 0.0,
 "recommended": false,
 "grid": {
  "0.0": 0.6562855707914701,
  "0.1": 0.6563024982744363,
  "0.2": 0.6563204402910091,
  "0.3": 0.656339401742632,
  "0.4": 0.6563593875965263,
  "0.5": 0.6563804028857878,
  "0.6": 0.6564024527094888,
  "0.7": 0.6564255422327816,
  "0.8": 0.6564496766870036,
  "0.9": 0.6564748613697869,
  "1.0": 0.6565011016451715,
  "1.1": 0.6565284029437173,
  "1.2": 0.6565567707626242,
  "1.3": 0.6565862106658521,
  "1.4": 0.656616728284244,
  "1.5": 0.6566483293156536
 },
 "created": "2026-07-16 13:38:51"
}